{
    "device": "cuda",
    "timestamp": "2026-02-06 16:45:26",
    "components": {
        "Image (CNN+QNN)": {
            "avg": 23.581100006122142,
            "median": 22.561200021300465,
            "p95": 27.965735009638593,
            "min": 19.89049999974668
        },
        "Text (BioBERT)": {
            "avg": 13.57871999964118,
            "median": 13.39144998928532,
            "p95": 16.81563501479104,
            "min": 10.971900017466396
        },
        "Ensemble Fusion": {
            "avg": 0.060838001081719995,
            "median": 0.05914998473599553,
            "p95": 0.07186502334661782,
            "min": 0.03460003063082695
        },
        "Total Local Flow": {
            "avg": 37.22164600389078,
            "median": 36.13394999410957,
            "p95": 41.8516349804122,
            "min": 30.906600004527718
        }
    },
    "overall_throughput_ips": 26.86608754205738
}